USE PROYECTO_WYK;

INSERT INTO CARGO (ID_CARGO, NOMBRE_CARGO, ESTADO_CARGO) VALUES 
(1, 'Gerente', TRUE),
(2, 'Panadero', TRUE),
(3, 'Pastelero', TRUE),
(4, 'Cajero', TRUE),
(5, 'Atención al cliente', TRUE);

INSERT INTO EMPLEADO (CC_ENPLEADO, NOMBRE_ENPLEADO, RH_EMPLEADO, TEL_EMPLEADO, ENAIL_EMPLEADO, ID_CARGO_FK_EMPLEADO, ESTADO_EMPLEADO) VALUES 
(123456789, 'Juan Pérez', 'O+', 3101234567, 'juan@wyk.com', 1, TRUE),
(987654321, 'María Gómez', 'A+', 3209876543, 'maria@wyk.com', 2, TRUE),
(456789123, 'Carlos López', 'B+', 3154567891, 'carlos@wyk.com', 3, TRUE),
(789123456, 'Ana Rodríguez', 'AB+', 3177891234, 'ana@wyk.com', 4, TRUE),
(321654987, 'Pedro Martínez', 'O-', 3183216549, 'pedro@wyk.com', 5, TRUE);

INSERT INTO CLIENTE (NUM_DOCUMENTO_CLIENTE, TIPO_DOCUMENTO_CLIENTE, NOMBRE_CLIENTE, TEL_CLIENTE, EMAIL_CLIENTE, ID_EMPLEADO_FK_CLIENTE, ESTADO_CLIENTE) VALUES 
(1122334455, 'CC', 'Laura Sánchez', 3001122334, 'laura@gmail.com', 5, TRUE),
(2233445566, 'CC', 'Andrés Ramírez', 3012233445, 'andres@gmail.com', 5, TRUE),
(3344556677, 'CE', 'Sofía Torres', 3023344556, 'sofia@gmail.com', 5, TRUE),
(4455667788, 'TI', 'David Jiménez', 3034455667, 'david@gmail.com', 5, TRUE),
(5566778899, 'CC', 'Camila Herrera', 3045566778, 'camila@gmail.com', 5, TRUE);

INSERT INTO USUARIO (NOMBRE_USUARIO, CONTRASEÑA_USUARIO, ID_EMPLEADO_FK_USUARIO, ID_CLIENTE_FK_USUARIO, ESTADO_USUARIO) VALUES 
('juanp', 'juan123', 1, 1, TRUE),
('mariag', 'maria456', 2, 2, TRUE),
('carlosl', 'carlos789', 3, 3, TRUE),
('anar', 'ana012', 4, 4, TRUE),
('pedrom', 'pedro345', 5, 5, TRUE);

INSERT INTO PEDIDO (ID_PEDIDO, FECHA_HORA_PEDIDO, NUMERO_MESA, ID_EMPLEADO_FK_PEDIDO, ID_CLIENTE_FK_PEDIDO, ESTADO_PEDIDO) VALUES 
(1001, '2023-10-01 08:30:00', 1, 5, 1, 'SERVIDO'),
(1002, '2023-10-01 09:15:00', 2, 5, 2, 'EN PREPARACION'),
(1003, '2023-10-01 10:00:00', 3, 5, 3, 'PEBDIENTE'),
(1004, '2023-10-01 11:30:00', 4, 5, 4, 'CANCELADO'),
(1005, '2023-10-01 12:45:00', 5, 5, 5, 'SERVIDO');

INSERT INTO PRODUCTO (ID_PRODUCTO, NOMBRE_PRODUCTO, VALOR_UNITARIO_PRODUCTO, CANT_MINI_PRODUCTO, CANT_MAX_PRODUCTO, CANT_EXIST_PRODUCTO, FECHA_VENCIMIENTO_PRODUCTO, TIPO_PRODUCTO_GERENRAL, TIPO_PRODUCTO_ESPECIFICO, MARCA_PRODUCTO, ID_EMPLEADO_FK_PRODUCTO, ESTADO_PRODUCTO) VALUES 
(2001, 'Pan de trigo', 2500, 10, 100, 50, '2023-10-15', 'PANADERIA', 'Pan básico', 'WYK', 2, TRUE),
(2002, 'Torta de chocolate', 15000, 5, 30, 15, '2023-10-10', 'PASTELERIA', 'Tortas', 'WYK', 3, TRUE),
(2003, 'Croissant', 3500, 8, 50, 25, '2023-10-12', 'PANADERIA', 'Bollería', 'WYK', 2, TRUE),
(2004, 'Galletas de avena', 5000, 15, 80, 40, '2023-10-20', 'VIBERES', 'Galletas', 'WYK', 3, TRUE),
(2005, 'Pan integral', 3000, 12, 70, 35, '2023-10-18', 'PANADERIA', 'Pan saludable', 'WYK', 2, TRUE);

INSERT INTO DETALLE_PEDIDO (ID_DETALLE_PEDIDO, DESCRIPCION_DETALLE_PEDIDO, ID_PEDIDO_FK_DETALLE_PEDIDO, ID_PRODUCTO_FK_DETALLE_PEDIDO, DETALLE_PEDIDO_PRODUCTO) VALUES 
(1, 'Pedido mesa 1', 1001, 2001, TRUE),
(2, 'Pedido mesa 2', 1002, 2002, TRUE),
(3, 'Pedido mesa 3', 1003, 2003, TRUE),
(4, 'Pedido mesa 4', 1004, 2004, TRUE),
(5, 'Pedido mesa 5', 1005, 2005, TRUE);

INSERT INTO FACTURA_VENTA (ID_FACTURA_VENTA, TOTAL_FACTURA_VENTA, FECHA_HORA_FCATURA_VENTA, DESCRIPCION_FACTURA_VENTA, ID_EMPLEADO_FK_FACTURA_VENTA, ID_PEDIDO_FK_FACTURA_VENTA, ID_CLIENTE_FK_FACTURA_VENTA, ESTADO_FACTURA_VENTA) VALUES 
(3001, 2500, '2023-10-01 09:00:00', 'Venta pan de trigo', 4, 1001, 1, 'PAGADA'),
(3002, 15000, '2023-10-01 09:30:00', 'Venta torta chocolate', 4, 1002, 2, 'PAGADA'),
(3003, 3500, '2023-10-01 10:15:00', 'Venta croissant', 4, 1003, 3, 'PENDIENTE'),
(3004, 5000, '2023-10-01 11:45:00', 'Venta galletas avena', 4, 1004, 4, 'ANULADA'),
(3005, 3000, '2023-10-01 13:00:00', 'Venta pan integral', 4, 1005, 5, 'PAGADA');

INSERT INTO DETALLE_VENTA_PRODUCTO (ID_DETALLE_VENTA_PRODUCTO, CANTIDAD_PRODUCTO_VENDIDO, SUB_TOTAL_PRODUCTO_VENDIDO, ID_FACTURA_VENTA_FK_DETALLE_VENTA_PRODUCTO, ID_PRODUCTO_FK_DETALLE_FACTURA_VENTA, ESTADO_DETALLLE_VENTA_PRODUCTO) VALUES 
(1, 1, 2500, 3001, 2001, TRUE),
(2, 1, 15000, 3002, 2002, TRUE),
(3, 1, 3500, 3003, 2003, TRUE),
(4, 1, 5000, 3004, 2004, TRUE),
(5, 1, 3000, 3005, 2005, TRUE);

INSERT INTO PROVEEDOR (ID_PROVEEDOR, CC_PROVEEDOR, NOMBRE_PROVEEDOR, TEL_PROVEEDOR, EMAIL_PROVEEDOR, ID_EMPLEADO_FK_PROVEEDOR, ESTADO_PROVEEDOR) VALUES 
(1, 9876543210, 'Harinas S.A.', 6019876543, 'contacto@harinassa.com', 1, TRUE),
(2, 1234567890, 'Chocolates Ltda.', 6011234567, 'info@chocolatesltda.com', 1, TRUE),
(3, 4567890123, 'Lácteos y Más', 6014567890, 'ventas@lacteosymas.com', 1, TRUE),
(4, 7890123456, 'Frutas Frescas', 6017890123, 'pedidos@frutasfrescas.com', 1, TRUE),
(5, 3210987654, 'Azúcares Dulces', 6013210987, 'contacto@azucaresdulces.com', 1, TRUE);

INSERT INTO MATERIA_PRIMA (ID_MATERIA_PRIMA, NOMBRE_MATERIA_PRIMA, FECHA_VENCIMIENTO_MATERIA_PRIMA, TIPO_DE_MEDIDA, CANTIDAD_MINI_MATERIA_PRIMA, CANTIDAD_MAX_MATERIA_PRIMA, CANTIDAD_EXIST_MATERIA_PRIMA, MARCA_MATERIA_PRIMA, PRESENTACION_MATERIA_PRIMA, DESCRIPCION_MATERIA_PRIMA, ID_EMPLEADO_FK_MATERIA_PRIMA, ESTADO_MATERIA_PRIMA) VALUES 
(4001, 'Harina de trigo', '2024-05-01', 'Kilogramos', 5, 50, 25, 'Harinas S.A.', 'Bolsa 25kg', 'Harina para panadería', 1, TRUE),
(4002, 'Chocolate en polvo', '2024-03-15', 'Gramos', 1000, 10000, 5000, 'Chocolates Ltda.', 'Bolsa 1kg', 'Chocolate para repostería', 1, TRUE),
(4003, 'Mantequilla', '2023-11-30', 'Gramos', 500, 5000, 2500, 'Lácteos y Más', 'Bloque 250g', 'Mantequilla sin sal', 1, TRUE),
(4004, 'Azúcar blanca', '2025-01-01', 'Kilogramos', 3, 30, 15, 'Azúcares Dulces', 'Bolsa 5kg', 'Azúcar refinada', 1, TRUE),
(4005, 'Huevos', '2023-10-10', 'Unidades', 30, 300, 150, 'Granja Feliz', 'Cartón 30u', 'Huevos tipo AA', 1, TRUE);

INSERT INTO FACTURA_COMPRA (ID_FACTURA_COMPRA, TOTAL_FACTURA_COMPRA, FECHA_HORA_FACTURA_COMPRA, DESCRIPCION_FACTURA_COMPRA, ID_EMPLEADO_FK_FACTURA_COMPRA, ID_PROOVEEDOR_FK_FACTURA_COMPRA, ESTADO_FACTURA_COMPRA) VALUES 
(5001, 150000, '2023-09-25 10:00:00', 'Compra harina y azúcar', 1, 1, 'PAGADA'),
(5002, 80000, '2023-09-26 11:30:00', 'Compra chocolate', 1, 2, 'PAGADA'),
(5003, 50000, '2023-09-27 09:15:00', 'Compra mantequilla', 1, 3, 'PAGADA'),
(5004, 30000, '2023-09-28 14:00:00', 'Compra frutas', 1, 4, 'PAGADA'),
(5005, 45000, '2023-09-29 16:45:00', 'Compra huevos', 1, 5, 'PENDIENTE');

INSERT INTO DETALLE_FACTURA_COMPRA_MATERIA_PRIMA (ID_DETALLE_FAC_MAT_PRIM, CANTIDAD_MATERIA_PRIMA_COMPRADA, SUB_TOTAL_MATERI_PRIMA_COMPRADA, ID_FACTURA_COMPRA_FK_DETALLE_FACTURA_COMPRA_MATERIA_PRIMA, ID_MATERIA_PRIMA_FK_DETALLE_FACTURA_COMPRA_MATERIA_PRIMA, ESTADO_DETAllE_COMPRA_MATERIA_PRIMA) VALUES 
(1, 25, 75000, 5001, 4001, TRUE),
(2, 10, 30000, 5001, 4004, TRUE),
(3, 5, 80000, 5002, 4002, TRUE),
(4, 10, 50000, 5003, 4003, TRUE),
(5, 5, 45000, 5005, 4005, TRUE);

INSERT INTO DETALLE_COMPRA_PRODUCTO (ID_DETALLE_COMPRA_PRODUCTO, CANTIDAD_PRODUCTO_COMPRADO, SUB_TOTAL_PRODUCTO_COMPRADO, ID_FACTURA_COMPRA_FK_DETALLE_COMPRA_PRODUCTO, ID_PRODUCTO_FK_DETALLE_COMPRA_PRODUCTO, ESTADO_DETALLE_COMPRA_PRODUCTO) VALUES 
(1, 20, 50000, 5001, 2001, TRUE),
(2, 5, 75000, 5002, 2002, TRUE),
(3, 15, 52500, 5003, 2003, TRUE),
(4, 10, 50000, 5004, 2004, TRUE),
(5, 15, 45000, 5005, 2005, TRUE);

INSERT INTO PRODUCCION (ID_PRODUCCION, NOMBRE_PRODUCCION, CANT_PRODUCCION, DESCRIPCION_PRODUCCION, MATERIA_PRIMA_GASTADA, ID_MATERIA_PRIMA_FK_PRODUCCION, ID_PRODUCTO_FK_MATERIA_PRIMA, ID_EMPLEADO_FK_PRODUCCION, ESTADO_PRODUCCION) VALUES 
(6001, 'Pan de trigo', 50, 'Producción diaria de pan', 12.5, 4001, 2001, 2, TRUE),
(6002, 'Torta chocolate', 5, 'Producción semanal tortas', 2.5, 4002, 2002, 3, TRUE),
(6003, 'Croissants', 25, 'Producción bollería', 6.25, 4003, 2003, 2, TRUE),
(6004, 'Galletas avena', 40, 'Producción galletas', 7.5, 4004, 2004, 3, TRUE),
(6005, 'Pan integral', 35, 'Producción pan saludable', 8.75, 4001, 2005, 2, TRUE);